model,score_test,score_val,eval_metric,pred_time_test,pred_time_val,fit_time,pred_time_test_marginal,pred_time_val_marginal,fit_time_marginal,stack_level,can_infer,fit_order
CatBoost,0.6119575873203424,0.5960461770664358,r2,3.6372978687286377,0.0852208137512207,3579.8433470726013,3.6372978687286377,0.0852208137512207,3579.8433470726013,1,True,3
WeightedEnsemble_L2,0.6119575873203424,0.5960461770664358,r2,3.703962802886963,0.08611273765563965,3579.9645199775696,0.0666649341583252,0.0008919239044189453,0.12117290496826172,2,True,4
LightGBM,-0.8633362411345824,-0.8914560973574204,r2,0.19871282577514648,0.0061643123626708984,8.221175193786621,0.19871282577514648,0.0061643123626708984,8.221175193786621,1,True,2
LightGBMXT,-0.9104326720428229,-0.952700676487813,r2,0.27579402923583984,0.005777120590209961,8.258610963821411,0.27579402923583984,0.005777120590209961,8.258610963821411,1,True,1
